type,code,name,legacy_code
category,TP,Tops,
category,DR,Dresses,
category,BT,Bottoms,
category,BG,Bags,
category,AC,Accessories,
category,PT,Parts / Components,
category,OT,Other,
category,IN,Intimates,
color,BLK,Black,
color,WHT,White,
color,RED,Red,
color,BER,Blackberry,
color,SHL,Shell,
color,SNS,Sunshine,
color,HPK,Hot Pink,
color,SPS,Splash,SLPS
color,SPL,Splish,
color,RST,Red Stripe,
color,WLT,Wiltshire (Red),
color,BTS,Betsey (Green),
color,CHC,Chocolate,CHOC
color,SLV,Silver,
color,GLD,Gold,
color,MRS,Maraschino,
color,VRD,Verdant,
color,CSP,Caspian,
color,CHP,Champagne,
color,OLV,Olive,
color,DBL,Denim Baby Blue,DNM(BLU)
color,DPK,Denim Pink,DNM(PNK)
color,FLG,Floral / Gold,
color,DCH,Dark Chocolate,
color,NAT,Natural,
color,BDD,Beaded,
color,NKD,Naked,
color,STD,Standard,
color,PNK,Pink,
color,PRP,Purple,
size,00,Size 0,
size,01,Size 1,
size,02,Size 2,
size,03,Size 3,
size,XS,Extra Small,
size,SM,Small,
size,MD,Medium,
size,LG,Large,
size,PT,Petite,
size,OS,One Size,
size,XL,Extra Large,
