sku_old,sku_new,product,variant
CCSS25COT-BLK01,TP101-BLK-01,Cleo Tee,Black / 1
CCSS25COT-BLK02,TP101-BLK-02,Cleo Tee,Black / 2
CCSS25COT-BLK03,TP101-BLK-03,Cleo Tee,Black / 3
CCSS25COT-WHT01,TP101-WHT-01,Cleo Tee,White / 1
CCSS25COT-WHT02,TP101-WHT-02,Cleo Tee,White / 2
CCSS25COT-WHT03,TP101-WHT-03,Cleo Tee,White / 3
CCSS26COT-BER01,TP101-BER-01,Cleo Tee,Blackberry / 1
CCSS26COT-BER02,TP101-BER-02,Cleo Tee,Blackberry / 2
CCSS26COT-BER03,TP101-BER-03,Cleo Tee,Blackberry / 3
CCFW25COTNV-SLPS01,TP101-SPS-01,Cleo Tee,Splash / 1
CCFW25COTNV-SLPS02,TP101-SPS-02,Cleo Tee,Splash / 2
CCFW25COTNV-SLPS03,TP101-SPS-03,Cleo Tee,Splash / 3
CCFW25COT-RED01,TP101-RED-01,Cleo Tee,Red / 1
CCFW25COT-RED02,TP101-RED-02,Cleo Tee,Red / 2
CCFW25COT-RED03,TP101-RED-03,Cleo Tee,Red / 3
CCSS26COT-SHL01,TP101-SHL-01,Cleo Tee,Shell / 1
CCSS26COT-SHL02,TP101-SHL-02,Cleo Tee,Shell / 2
CCSS26COT-SHL03,TP101-SHL-03,Cleo Tee,Shell / 3
CCSS26COT-SNS01,TP101-SNS-01,Cleo Tee,Sunshine / 1
CCSS26COT-SNS02,TP101-SNS-02,Cleo Tee,Sunshine / 2
CCSS26COT-SNS03,TP101-SNS-03,Cleo Tee,Sunshine / 3
CCSS25COD-BLK01,DR101-BLK-01,You Dress,Black / 1
CCSS25COD-BLK02,DR101-BLK-02,You Dress,Black / 2
CCSS25COD-BLK03,DR101-BLK-03,You Dress,Black / 3
CCSS25COD-WHT01,DR101-WHT-01,You Dress,White / 1
CCSS25COD-WHT02,DR101-WHT-02,You Dress,White / 2
CCSS25COD-WHT03,DR101-WHT-03,You Dress,White / 3
CC23LRTCB-CHOC,BG101-CHC-OS,Cleo Bag,Default Title
CC23LRTCB-BLK,BG101-BLK-OS,Cleo Bag,Default Title
CC23LRTCB-SLV,BG101-SLV-OS,Cleo Bag,Default Title
CC23LRTCB-DNM(BLU),BG101-DBL-OS,Cleo Bag,Baby Blue
CC23LRTCB-DNM(PNK),BG101-DPK-OS,Cleo Bag,Pink
CC23LRTCB-OLV,BG101-OLV-OS,Cleo Bag,Default Title
FLWR-HT-HP,AC103-HPK-OS,Flower Hair Tie,Hot Pink
CCSS25COT-BLK01-OLD,retired,Cleo Tee (archived duplicate),Black / 1
CCSS25COT-BLK02-OLD,retired,Cleo Tee (archived duplicate),Black / 2
CCSS25COT-BLK03-OLD,retired,Cleo Tee (archived duplicate),Black / 3
CCSS25COT-WHT01-OLD,retired,Cleo Tee (archived duplicate),White / 1
CCSS25COT-WHT02-OLD,retired,Cleo Tee (archived duplicate),White / 2
CCSS25COT-WHT03-OLD,retired,Cleo Tee (archived duplicate),White / 3
